[
    {
        "timestamp": "2025-08-29 23:54:46",
        "result": "lost",
        "elapsed_time": 3
    },
    {
        "timestamp": "2025-08-30 00:10:54",
        "result": "lost",
        "elapsed_time": 3
    },
    {
        "timestamp": "2025-08-30 00:22:54",
        "result": "lost",
        "elapsed_time": 3
    },
    {
        "timestamp": "2025-08-30 01:31:19",
        "result": "lost",
        "elapsed_time": 5
    },
    {
        "timestamp": "2025-08-30 01:53:27",
        "result": "lost",
        "elapsed_time": 3
    },
    {
        "timestamp": "2025-08-30 02:02:32",
        "result": "lost",
        "elapsed_time": 3
    },
    {
        "timestamp": "2025-08-30 02:02:45",
        "result": "lost",
        "elapsed_time": 2
    },
    {
        "timestamp": "2025-08-30 02:20:02",
        "result": "lost",
        "elapsed_time": 4
    },
    {
        "timestamp": "2025-08-30 03:54:51",
        "result": "won",
        "elapsed_time": 7
    },
    {
        "timestamp": "2025-08-30 04:00:48",
        "result": "lost",
        "elapsed_time": 3
    },
    {
        "timestamp": "2025-08-30 04:01:49",
        "result": "won",
        "elapsed_time": 1
    },
    {
        "timestamp": "2025-08-30 04:02:15",
        "result": "lost",
        "elapsed_time": 4
    },
    {
        "timestamp": "2025-08-30 04:03:45",
        "result": "lost",
        "elapsed_time": 28
    },
    {
        "timestamp": "2025-08-30 04:04:05",
        "result": "lost",
        "elapsed_time": 3
    },
    {
        "timestamp": "2025-08-30 04:04:22",
        "result": "lost",
        "elapsed_time": 8
    },
    {
        "timestamp": "2025-08-30 04:04:37",
        "result": "won",
        "elapsed_time": 3
    },
    {
        "timestamp": "2025-08-30 04:17:21",
        "result": "lost",
        "elapsed_time": 1
    },
    {
        "timestamp": "2025-08-30 04:35:32",
        "result": "lost",
        "elapsed_time": 3
    },
    {
        "timestamp": "2025-08-30 04:48:25",
        "result": "lost",
        "elapsed_time": 2
    },
    {
        "timestamp": "2025-08-31 01:54:13",
        "result": "lost",
        "elapsed_time_seconds": 3,
        "elapsed_time_minutes": 0.05,
        "turns": 3,
        "mines_left": 4
    },
    {
        "timestamp": "2025-08-31 01:54:35",
        "result": "lost",
        "elapsed_time_seconds": 1,
        "elapsed_time_minutes": 0.02,
        "turns": 0,
        "mines_left": 3
    },
    {
        "timestamp": "2025-08-31 02:50:42",
        "result": "lost",
        "elapsed_time_seconds": 2,
        "elapsed_time_minutes": 0.03,
        "turns": 1,
        "mines_left": 4
    },
    {
        "timestamp": "2025-08-31 03:11:13",
        "result": "lost",
        "elapsed_time_seconds": 2,
        "elapsed_time_minutes": 0.03,
        "turns": 3,
        "mines_left": 3
    },
    {
        "timestamp": "2025-08-31 03:11:42",
        "result": "lost",
        "elapsed_time_seconds": 4,
        "elapsed_time_minutes": 0.07,
        "turns": 4,
        "mines_left": 4
    },
    {
        "timestamp": "2025-08-31 03:35:25",
        "result": "lost",
        "elapsed_time": 3
    },
    {
        "timestamp": "2025-08-31 03:42:57",
        "result": "lost",
        "elapsed_time": 7
    },
    {
        "timestamp": "2025-08-31 04:12:17",
        "result": "lost",
        "elapsed_time_seconds": 2,
        "elapsed_time": 2,
        "elapsed_time_minutes": 0.03,
        "turns": 2,
        "mines_left": 4
    },
    {
        "timestamp": "2025-08-31 04:34:27",
        "result": "lost",
        "elapsed_time_seconds": 3,
        "elapsed_time": 3,
        "elapsed_time_minutes": 0.05,
        "turns": 3,
        "mines_left": 3
    },
    {
        "timestamp": "2025-08-31 05:47:35",
        "result": "lost",
        "elapsed_time_seconds": 2,
        "elapsed_time": 2,
        "elapsed_time_minutes": 0.03,
        "turns": 2,
        "mines_left": 4
    },
    {
        "timestamp": "2025-08-31 05:48:08",
        "result": "lost",
        "elapsed_time_seconds": 3,
        "elapsed_time": 3,
        "elapsed_time_minutes": 0.05,
        "turns": 1,
        "mines_left": 5
    },
    {
        "timestamp": "2025-08-31 05:50:00",
        "result": "lost",
        "elapsed_time_seconds": 2,
        "elapsed_time": 2,
        "elapsed_time_minutes": 0.03,
        "turns": 2,
        "mines_left": 5
    }
]